{
  "hash": "0273ba40fb5c65ea98246822f569d192",
  "result": {
    "engine": "knitr",
    "markdown": "---\ntitle: \"Assignment5\"\nsidebar: datavis\n---\n\n1.  Using sample datasets or own data, create the following charts using only R graphics functions (i.e. without using any other packages). Be sure you customize the chart with your own style/theme (e.g. font, color, pch, etc.)\n\n<!-- -->\n\na.  Histogram\n\n\n::: {.cell}\n\n```{.r .cell-code}\nlibrary(ggplot2)\n\ndata<-mpg\n\n## a. Histogram.\nhist(mpg$hwy, \n     main=\"Histogram of Highway MPG\", \n     col=\"lightblue\", \n     border=\"darkblue\", \n     xlab=\"Highway MPG\", \n     ylab=\"Frequency\", \n     font.main=2, font.lab=4)\n```\n\n::: {.cell-output-display}\n![](datavis_assignment5_files/figure-html/unnamed-chunk-1-1.png){width=672}\n:::\n:::\n\n\nb.  Barchart\nc.  Vertical\n\n\n::: {.cell}\n\n```{.r .cell-code}\nbarplot(table(mpg$class), \n        main=\"Bar Chart of Car Classes\", \n        col=\"coral\", \n        xlab=\"Car Class\", \n        ylab=\"Frequency\", \n        font.main=2)\n```\n\n::: {.cell-output-display}\n![](datavis_assignment5_files/figure-html/unnamed-chunk-2-1.png){width=672}\n:::\n:::\n\n\nii. Horizontal\n\n\n::: {.cell}\n\n```{.r .cell-code}\nbarplot(table(mpg$class), \n        main=\"Horizontal Bar Chart of Car Classes\", \n        col=\"lightgreen\", \n        horiz=TRUE, \n        xlab=\"Frequency\", \n        ylab=\"Car Class\", \n        font.main=2)\n```\n\n::: {.cell-output-display}\n![](datavis_assignment5_files/figure-html/unnamed-chunk-3-1.png){width=672}\n:::\n:::\n\n\nc.  Piechart\n\n\n::: {.cell}\n\n```{.r .cell-code}\npie(table(mpg$class), \n    main=\"Pie Chart of Car Classes\", \n    col=rainbow(length(unique(mpg$class))), \n    font.main=2)\n```\n\n::: {.cell-output-display}\n![](datavis_assignment5_files/figure-html/unnamed-chunk-4-1.png){width=672}\n:::\n:::\n\n\nd.  Boxplot\n\n\n::: {.cell}\n\n```{.r .cell-code}\nboxplot(hwy ~ class, data=mpg, \n        main=\"Boxplot of Highway MPG by Car Class\", \n        col=c(\"skyblue\", \"pink\", \"lightgreen\"), \n        xlab=\"Car Class\", \n        ylab=\"Highway MPG\", \n        border=\"darkred\", \n        font.main=2)\n```\n\n::: {.cell-output-display}\n![](datavis_assignment5_files/figure-html/unnamed-chunk-5-1.png){width=672}\n:::\n:::\n\n\ne.  Scatterplot\n\n\n::: {.cell}\n\n```{.r .cell-code}\nplot(mpg$displ, mpg$hwy, \n     main=\"Scatterplot of Displacement vs Highway MPG\", \n     xlab=\"Displacement (liters)\", \n     ylab=\"Highway MPG\", \n     col=\"blue\", \n     pch=16, \n     font.main=2, font.lab=4)\n```\n\n::: {.cell-output-display}\n![](datavis_assignment5_files/figure-html/unnamed-chunk-6-1.png){width=672}\n:::\n:::\n\n\n2.  Repeat 1 using ggplot2, with your own style\n\n<!-- -->\n\na.  Histogram\n\n\n::: {.cell}\n\n```{.r .cell-code}\nggplot(mpg, aes(x=hwy)) +\n  geom_histogram(binwidth=1, fill=\"lightblue\", color=\"darkblue\") +\n  ggtitle(\"Histogram of Highway MPG\") +\n  theme_minimal() +\n  theme(plot.title = element_text(face=\"bold\"))\n```\n\n::: {.cell-output-display}\n![](datavis_assignment5_files/figure-html/unnamed-chunk-7-1.png){width=672}\n:::\n:::\n\n\nb.  Bar Chart\nc.  Vertical\n\n\n::: {.cell}\n\n```{.r .cell-code}\nggplot(mpg, aes(x=class)) +\n  geom_bar(fill=\"coral\") +\n  ggtitle(\"Bar Chart of Car Classes\") +\n  theme_minimal() +\n  theme(plot.title = element_text(face=\"bold\"))\n```\n\n::: {.cell-output-display}\n![](datavis_assignment5_files/figure-html/unnamed-chunk-8-1.png){width=672}\n:::\n:::\n\n\nii. Horizontal\n\n\n::: {.cell}\n\n```{.r .cell-code}\nggplot(mpg, aes(x=class)) +\n  geom_bar(fill=\"lightgreen\") +\n  coord_flip() +\n  ggtitle(\"Horizontal Bar Chart of Car Classes\") +\n  theme_minimal() +\n  theme(plot.title = element_text(face=\"bold\"))\n```\n\n::: {.cell-output-display}\n![](datavis_assignment5_files/figure-html/unnamed-chunk-9-1.png){width=672}\n:::\n:::\n\n\nc.  Pie Chart\n\n\n::: {.cell}\n\n```{.r .cell-code}\nggplot(mpg, aes(x=\"\", fill=class)) +\n  geom_bar(width=1) +\n  coord_polar(theta=\"y\") +\n  ggtitle(\"Pie Chart of Car Classes\") +\n  theme_void() +\n  theme(plot.title = element_text(face=\"bold\"))\n```\n\n::: {.cell-output-display}\n![](datavis_assignment5_files/figure-html/unnamed-chunk-10-1.png){width=672}\n:::\n:::\n\n\nd.  Boxplot\n\n\n::: {.cell}\n\n```{.r .cell-code}\nggplot(mpg, aes(x=class, y=hwy, fill=class)) +\n  geom_boxplot(color=\"darkred\") +\n  ggtitle(\"Boxplot of Highway MPG by Car Class\") +\n  theme_minimal() +\n  theme(plot.title = element_text(face=\"bold\")) +\n  scale_fill_manual(values=c(\"skyblue\", \"pink\", \"lightgreen\", \"yellow\", \"purple\", \"orange\", \"red\"))\n```\n\n::: {.cell-output-display}\n![](datavis_assignment5_files/figure-html/unnamed-chunk-11-1.png){width=672}\n:::\n:::\n\n\ne.  Scatterplot\n\n\n::: {.cell}\n\n```{.r .cell-code}\nggplot(mpg, aes(x=displ, y=hwy)) +\n  geom_point(color=\"blue\", size=3) +\n  ggtitle(\"Scatterplot of Displacement vs Highway MPG\") +\n  theme_minimal() +\n  theme(plot.title = element_text(face=\"bold\"))\n```\n\n::: {.cell-output-display}\n![](datavis_assignment5_files/figure-html/unnamed-chunk-12-1.png){width=672}\n:::\n:::\n\n\n3.  Export the charts using different formats such as:\n\n\n::: {.cell}\n\n```{.r .cell-code}\n# a. pdf\n#ggsave(\"scatterplot.pdf\", width=5, height=4)\n\n# b. jpg\n#ggsave(\"scatterplot.jpg\", width=5, height=4)\n\n# c. svg\n#ggsave(\"scatterplot.svg\", width=5, height=4)\n\n# d. tiff\n#ggsave(\"scatterplot.tiff\", width=5, height=4)\n\n# e. bmp\n#ggsave(\"scatterplot.bmp\", width=5, height=4)\n```\n:::\n\n",
    "supporting": [
      "datavis_assignment5_files"
    ],
    "filters": [
      "rmarkdown/pagebreak.lua"
    ],
    "includes": {},
    "engineDependencies": {},
    "preserve": {},
    "postProcess": true
  }
}