{
  "hash": "63ea98042c7f7043f368767ec0bdfa9f",
  "result": {
    "engine": "knitr",
    "markdown": "---\ntitle: \"Changho Lee\"\n---\n\nI am a doctoral student majoring in Geospatial Information Sciences.\n\nResearch Interest\n\n-   Spatial Statistics\n\n-   Spatial Optimization\n\n-   Machine and Deep Learning\n\nContacts: [changho.lee\\@utdallas.edu](matilto:changho.lee@utdallas.edu) / [Website](https://geo-chlee.github.io)\n\n\n\n",
    "supporting": [],
    "filters": [
      "rmarkdown/pagebreak.lua"
    ],
    "includes": {},
    "engineDependencies": {},
    "preserve": {},
    "postProcess": true
  }
}