{"title":"Resume","markdown":{"yaml":{"title":"Resume"},"headingText":"**Changho Lee \\| Ph.D. in GIS (Expected Graduation: Dec 2025)** [changho.lee\\@utdallas.edu](mailto:changho.lee@utdallas.edu%20%7C)","containsRefs":false,"markdown":"\n\n\nGIS Specialist with expertise in GIS web applications, geospatial database schemas, and automated data processing pipelines to support land analytics, location intelligence, and data center development due diligence. Contributed to 11 cross-functional GIS projects with researchers, engineers, and municipal stakeholders, producing 15 professional presentations and 14 publications. Skilled in scalable geospatial data management and integration for metropolitan regions of 15M+ residents across 31 cities, with applied experience in system architecture, GIS-based analysis, and land asset and infrastructure capacity planning???please visit my CV ([link](https://drive.google.com/file/d/1B8B6w03zY2rqpHqcnGkgqcaWnhoahf8e/view?usp=sharing)) for further details.\n\n# **WORK EXPERIENCE**\n\n**Research Assistant** University of Texas at Dallas, Richardson, TX (Jan 2021 -- Dec 2025)\n\n-   Implemented spatial statistical models to estimate missing or unobserved spatial data, enhancing the accuracy and efficiency of spatial optimization models.\n\n-   Developed network-based GIS optimization solutions using p-median location models on Plano police patrol networks (published in ISPRS IJGI, 2024), improving service coverage and resource allocation\n\n**GIS Researcher** Suwon Research Institute, South Korea (Oct 2018 -- Dec 2019)\n\n-   Built GIS workflows and analysis models integrating remote sensing and geodatabases to support infrastructure and ecological network planning. Results informed municipal ordinances and policies.\n\n-   Collaborated with cross-functional teams of engineers, faculty, and stakeholders to build and test geospatial tools, contributing to location intelligence platforms supporting infrastructure planning\n\n**GIS Researcher** Gyeonggi Research Institute, South Korea (Sep 2015 -- Aug 2017)\n\n-   Analyzed architectural and infrastructure data across 31 cities in Gyeonggi-Do using GIS, contributing to policies on historic architecture preservation and regional planning strategies.\n\n**GIS Analyst (Sergeant)** Korea National Defense Geospatial-Intelligence Agency (Jan 2009 -- Nov 2010)\n\n-   Conducted daily GIS operations in a fast-paced environment, updating objects from airborne imagery.\n\n-   Streamlined geodatabase management and implemented GIS-based analysis tools for mission planning\n\n# **EDUCATION**\n\n**Ph.D. in Geospatial Information Science \\| M.S. in Geosciences** (Jan 2021 -- Dec 2025)\n\nThe University of Texas at Dallas, United States\n\n-   **Dissertation (GIS)**: Enhancing the quality and efficiency of spatial optimization solutions using geospatial techniques\n\n-   **Thesis (Geosciences)**: Evaluation of land use-based coherence changes after earthquake using spatial autocorrelation method\n\n-   Graduate Certificate in Data Science, specializing in Machine/Deep Learning\n\n**M.A. in Geography Education** (Mar 2013 -- Feb 2015)\n\nSeoul National University, Seoul, South Korea\n\n-   **Thesis**: An analysis of correlation between intra-urban land surface temperature distribution and socio-economic indices: An application of Seoul area census output statistics and Landsat 7 ETM+ imagery\n\n**B.A. in Geography Education \\| B.S. in Geology** (Mar 2007 -- Feb 2013)\n\nKyungpook National University, Daegu, South Korea\n\n-   Secondary School Geography Teacher Certificate, Ministry of Education, S. Korea\n\n# **ACHIEVEMENTS**\n\n-   Published 14 peer-reviewed articles and delivered 15 conference presentations on GIS, optimization, and enterprise-scale geospatial applications, demonstrating technical leadership and thought expertise. (See my Google Scholar profile: [link](https://scholar.google.com/citations?user=iXk36EoAAAA&user=iXk36EoAAAAJ)).\n\n-   Secured \\$28,900+ in competitive research awards and grants from organizations including Pioneer Natural Resources Inc. and the Texas DK Foundation.\n\n-   Founded and led the Korean Student Association at UT Dallas, coordinating events with Samsung and Lotte Chemical, showcasing program management and cross-functional collaboration skills.\n\n# **SKILLS**\n\n**GIS:** ArcGIS (Desktop, Pro, Online), GIS programming via Python, Managing Geodatabase on AWS\n\n**Programming & Data Science:** Python (PySpark and Pandas for data management, Scikit-learn and PyTorch for Machine & Deep learning), R, SAS, and Fortran for statistical modeling, SQL\n\n**Visualization & BI Tools:** Tableau, Power BI, Web-mapping (ArcGIS Dashboard, Google maps)\n","srcMarkdownNoYaml":"\n\n#### **Changho Lee \\| Ph.D. in GIS (Expected Graduation: Dec 2025)** [changho.lee\\@utdallas.edu](mailto:changho.lee@utdallas.edu%20%7C)\n\nGIS Specialist with expertise in GIS web applications, geospatial database schemas, and automated data processing pipelines to support land analytics, location intelligence, and data center development due diligence. Contributed to 11 cross-functional GIS projects with researchers, engineers, and municipal stakeholders, producing 15 professional presentations and 14 publications. Skilled in scalable geospatial data management and integration for metropolitan regions of 15M+ residents across 31 cities, with applied experience in system architecture, GIS-based analysis, and land asset and infrastructure capacity planning???please visit my CV ([link](https://drive.google.com/file/d/1B8B6w03zY2rqpHqcnGkgqcaWnhoahf8e/view?usp=sharing)) for further details.\n\n# **WORK EXPERIENCE**\n\n**Research Assistant** University of Texas at Dallas, Richardson, TX (Jan 2021 -- Dec 2025)\n\n-   Implemented spatial statistical models to estimate missing or unobserved spatial data, enhancing the accuracy and efficiency of spatial optimization models.\n\n-   Developed network-based GIS optimization solutions using p-median location models on Plano police patrol networks (published in ISPRS IJGI, 2024), improving service coverage and resource allocation\n\n**GIS Researcher** Suwon Research Institute, South Korea (Oct 2018 -- Dec 2019)\n\n-   Built GIS workflows and analysis models integrating remote sensing and geodatabases to support infrastructure and ecological network planning. Results informed municipal ordinances and policies.\n\n-   Collaborated with cross-functional teams of engineers, faculty, and stakeholders to build and test geospatial tools, contributing to location intelligence platforms supporting infrastructure planning\n\n**GIS Researcher** Gyeonggi Research Institute, South Korea (Sep 2015 -- Aug 2017)\n\n-   Analyzed architectural and infrastructure data across 31 cities in Gyeonggi-Do using GIS, contributing to policies on historic architecture preservation and regional planning strategies.\n\n**GIS Analyst (Sergeant)** Korea National Defense Geospatial-Intelligence Agency (Jan 2009 -- Nov 2010)\n\n-   Conducted daily GIS operations in a fast-paced environment, updating objects from airborne imagery.\n\n-   Streamlined geodatabase management and implemented GIS-based analysis tools for mission planning\n\n# **EDUCATION**\n\n**Ph.D. in Geospatial Information Science \\| M.S. in Geosciences** (Jan 2021 -- Dec 2025)\n\nThe University of Texas at Dallas, United States\n\n-   **Dissertation (GIS)**: Enhancing the quality and efficiency of spatial optimization solutions using geospatial techniques\n\n-   **Thesis (Geosciences)**: Evaluation of land use-based coherence changes after earthquake using spatial autocorrelation method\n\n-   Graduate Certificate in Data Science, specializing in Machine/Deep Learning\n\n**M.A. in Geography Education** (Mar 2013 -- Feb 2015)\n\nSeoul National University, Seoul, South Korea\n\n-   **Thesis**: An analysis of correlation between intra-urban land surface temperature distribution and socio-economic indices: An application of Seoul area census output statistics and Landsat 7 ETM+ imagery\n\n**B.A. in Geography Education \\| B.S. in Geology** (Mar 2007 -- Feb 2013)\n\nKyungpook National University, Daegu, South Korea\n\n-   Secondary School Geography Teacher Certificate, Ministry of Education, S. Korea\n\n# **ACHIEVEMENTS**\n\n-   Published 14 peer-reviewed articles and delivered 15 conference presentations on GIS, optimization, and enterprise-scale geospatial applications, demonstrating technical leadership and thought expertise. (See my Google Scholar profile: [link](https://scholar.google.com/citations?user=iXk36EoAAAA&user=iXk36EoAAAAJ)).\n\n-   Secured \\$28,900+ in competitive research awards and grants from organizations including Pioneer Natural Resources Inc. and the Texas DK Foundation.\n\n-   Founded and led the Korean Student Association at UT Dallas, coordinating events with Samsung and Lotte Chemical, showcasing program management and cross-functional collaboration skills.\n\n# **SKILLS**\n\n**GIS:** ArcGIS (Desktop, Pro, Online), GIS programming via Python, Managing Geodatabase on AWS\n\n**Programming & Data Science:** Python (PySpark and Pandas for data management, Scikit-learn and PyTorch for Machine & Deep learning), R, SAS, and Fortran for statistical modeling, SQL\n\n**Visualization & BI Tools:** Tableau, Power BI, Web-mapping (ArcGIS Dashboard, Google maps)\n"},"formats":{"html":{"identifier":{"display-name":"HTML","target-format":"html","base-format":"html"},"execute":{"fig-width":7,"fig-height":5,"fig-format":"retina","fig-dpi":96,"df-print":"default","error":false,"eval":true,"cache":null,"freeze":false,"echo":true,"output":true,"warning":true,"include":true,"keep-md":false,"keep-ipynb":false,"ipynb":null,"enabled":null,"daemon":null,"daemon-restart":false,"debug":false,"ipynb-filters":[],"ipynb-shell-interactivity":null,"plotly-connected":true,"engine":"markdown"},"render":{"keep-tex":false,"keep-typ":false,"keep-source":false,"keep-hidden":false,"prefer-html":false,"output-divs":true,"output-ext":"html","fig-align":"default","fig-pos":null,"fig-env":null,"code-fold":"none","code-overflow":"scroll","code-link":false,"code-line-numbers":false,"code-tools":false,"tbl-colwidths":"auto","merge-includes":true,"inline-includes":false,"preserve-yaml":false,"latex-auto-mk":true,"latex-auto-install":true,"latex-clean":true,"latex-min-runs":1,"latex-max-runs":10,"latex-makeindex":"makeindex","latex-makeindex-opts":[],"latex-tlmgr-opts":[],"latex-input-paths":[],"latex-output-dir":null,"link-external-icon":false,"link-external-newwindow":false,"self-contained-math":false,"format-resources":[],"notebook-links":true},"pandoc":{"standalone":true,"wrap":"none","default-image-extension":"png","to":"html","css":["styles.css","cumstom.css"],"toc":true,"output-file":"about.html"},"language":{"toc-title-document":"Table of contents","toc-title-website":"On this page","related-formats-title":"Other Formats","related-notebooks-title":"Notebooks","source-notebooks-prefix":"Source","other-links-title":"Other Links","code-links-title":"Code Links","launch-dev-container-title":"Launch Dev Container","launch-binder-title":"Launch Binder","article-notebook-label":"Article Notebook","notebook-preview-download":"Download Notebook","notebook-preview-download-src":"Download Source","notebook-preview-back":"Back to Article","manuscript-meca-bundle":"MECA Bundle","section-title-abstract":"Abstract","section-title-appendices":"Appendices","section-title-footnotes":"Footnotes","section-title-references":"References","section-title-reuse":"Reuse","section-title-copyright":"Copyright","section-title-citation":"Citation","appendix-attribution-cite-as":"For attribution, please cite this work as:","appendix-attribution-bibtex":"BibTeX citation:","appendix-view-license":"View License","title-block-author-single":"Author","title-block-author-plural":"Authors","title-block-affiliation-single":"Affiliation","title-block-affiliation-plural":"Affiliations","title-block-published":"Published","title-block-modified":"Modified","title-block-keywords":"Keywords","callout-tip-title":"Tip","callout-note-title":"Note","callout-warning-title":"Warning","callout-important-title":"Important","callout-caution-title":"Caution","code-summary":"Code","code-tools-menu-caption":"Code","code-tools-show-all-code":"Show All Code","code-tools-hide-all-code":"Hide All Code","code-tools-view-source":"View Source","code-tools-source-code":"Source Code","tools-share":"Share","tools-download":"Download","code-line":"Line","code-lines":"Lines","copy-button-tooltip":"Copy to Clipboard","copy-button-tooltip-success":"Copied!","repo-action-links-edit":"Edit this page","repo-action-links-source":"View source","repo-action-links-issue":"Report an issue","back-to-top":"Back to top","search-no-results-text":"No results","search-matching-documents-text":"matching documents","search-copy-link-title":"Copy link to search","search-hide-matches-text":"Hide additional matches","search-more-match-text":"more match in this document","search-more-matches-text":"more matches in this document","search-clear-button-title":"Clear","search-text-placeholder":"","search-detached-cancel-button-title":"Cancel","search-submit-button-title":"Submit","search-label":"Search","toggle-section":"Toggle section","toggle-sidebar":"Toggle sidebar navigation","toggle-dark-mode":"Toggle dark mode","toggle-reader-mode":"Toggle reader mode","toggle-navigation":"Toggle navigation","crossref-fig-title":"Figure","crossref-tbl-title":"Table","crossref-lst-title":"Listing","crossref-thm-title":"Theorem","crossref-lem-title":"Lemma","crossref-cor-title":"Corollary","crossref-prp-title":"Proposition","crossref-cnj-title":"Conjecture","crossref-def-title":"Definition","crossref-exm-title":"Example","crossref-exr-title":"Exercise","crossref-ch-prefix":"Chapter","crossref-apx-prefix":"Appendix","crossref-sec-prefix":"Section","crossref-eq-prefix":"Equation","crossref-lof-title":"List of Figures","crossref-lot-title":"List of Tables","crossref-lol-title":"List of Listings","environment-proof-title":"Proof","environment-remark-title":"Remark","environment-solution-title":"Solution","listing-page-order-by":"Order By","listing-page-order-by-default":"Default","listing-page-order-by-date-asc":"Oldest","listing-page-order-by-date-desc":"Newest","listing-page-order-by-number-desc":"High to Low","listing-page-order-by-number-asc":"Low to High","listing-page-field-date":"Date","listing-page-field-title":"Title","listing-page-field-description":"Description","listing-page-field-author":"Author","listing-page-field-filename":"File Name","listing-page-field-filemodified":"Modified","listing-page-field-subtitle":"Subtitle","listing-page-field-readingtime":"Reading Time","listing-page-field-wordcount":"Word Count","listing-page-field-categories":"Categories","listing-page-minutes-compact":"{0} min","listing-page-category-all":"All","listing-page-no-matches":"No matching items","listing-page-words":"{0} words","listing-page-filter":"Filter","draft":"Draft"},"metadata":{"lang":"en","fig-responsive":true,"quarto-version":"1.7.32","editor":"visual","theme":"cosmo","title":"Resume"},"extensions":{"book":{"multiFile":true}}}},"projectFormats":["html"]}