{"title":"Assignment1","markdown":{"yaml":{"title":"Assignment1","sidebar":"datavis"},"containsRefs":false,"markdown":"\n\nCo-work: Sunmin Hong\n\n**1. Start drafting a research project framework:**\n\n**a. Identify a topic of interest**\n\nOur topic is identifying the characteristics of criminals who engage in phishing crimes in South Korea. Specifically, they will be divided into several groups based on their sociodemographic characteristics and crime participation path as variables. After that, a risk group with the highest distribution of all variables will be selected, and crime risk factors based on their characteristics will be displayed.\n\n**b. Write up the research question**\n\n(1) Unsupervised Learning 1: What socio-economic variable are classified based on the characteristics of fishing criminals?\n\n(2) Unsupervised learning 2: What is the distribution of the difference in the influence of variables that contribute to dividing the characteristics of criminals?\n\n(3) Supervised Learning 1: What is the statistical relationship of the most influential. variable with other variables? (regression)\n\n(4) Supervised Learning 2: How to create a model for predicting variables with great influence?\n\n**c. Do you have a dependent variable?**\n\nWe will find the most influential variable through unsupervised learning and use that. variable as a dependent variable to find the most suitable model through supervised. learning.\n\n**d. What is the hypothes is?**\n\nAfter analyzing existing studies on criminals who engage in cybercrime, especially. phishing, we will create hypotheses related to the characteristics of criminals who engage in phishing.\n\n**2. Six steps in research:**\n\n**a. Topic identification/Motivation**\n\nAs a result of collecting data on demographic characteristics and crime participation. paths of criminals who participated in phishing crimes in South Korea, the information to be set as variables could be classified into their participation path, gender, age, criminal record, occupation, and education. After creating several groups that engage in phishing crimes based on this information, we will reveal what characteristics the most dangerous groups have.\n\n**b. Systematic Literature Review/Meta Analysis**\n\nIn progress\n\n**c. Model of Interest: Data-based, Algorithm-based or Hybrid**\n\nWe will use a data-driven model using information about the characteristics of criminals involved in phishing crimes.\n\n**d. Data Collection and Management**\n\nWe have already obtained data containing information about the characteristics of criminals involved in phishing crimes, and after processing the missing data, we will proceed with the aforementioned procedure.\n\n**e. Writing tool (e.g. LaTeX, Markdown/quarto, overleaf, MathJax)**\n\nWe will use programs such as LaTex or Overleaf that show publication-level quality to reveal the characteristics of the phishing offender.\n\n**f. Findings interpreted (e.g. models, data visualization)**\n\nWe will use the visualization method that best represents the results for different groups , including the most risky group mentioned above.\n","srcMarkdownNoYaml":"\n\nCo-work: Sunmin Hong\n\n**1. Start drafting a research project framework:**\n\n**a. Identify a topic of interest**\n\nOur topic is identifying the characteristics of criminals who engage in phishing crimes in South Korea. Specifically, they will be divided into several groups based on their sociodemographic characteristics and crime participation path as variables. After that, a risk group with the highest distribution of all variables will be selected, and crime risk factors based on their characteristics will be displayed.\n\n**b. Write up the research question**\n\n(1) Unsupervised Learning 1: What socio-economic variable are classified based on the characteristics of fishing criminals?\n\n(2) Unsupervised learning 2: What is the distribution of the difference in the influence of variables that contribute to dividing the characteristics of criminals?\n\n(3) Supervised Learning 1: What is the statistical relationship of the most influential. variable with other variables? (regression)\n\n(4) Supervised Learning 2: How to create a model for predicting variables with great influence?\n\n**c. Do you have a dependent variable?**\n\nWe will find the most influential variable through unsupervised learning and use that. variable as a dependent variable to find the most suitable model through supervised. learning.\n\n**d. What is the hypothes is?**\n\nAfter analyzing existing studies on criminals who engage in cybercrime, especially. phishing, we will create hypotheses related to the characteristics of criminals who engage in phishing.\n\n**2. Six steps in research:**\n\n**a. Topic identification/Motivation**\n\nAs a result of collecting data on demographic characteristics and crime participation. paths of criminals who participated in phishing crimes in South Korea, the information to be set as variables could be classified into their participation path, gender, age, criminal record, occupation, and education. After creating several groups that engage in phishing crimes based on this information, we will reveal what characteristics the most dangerous groups have.\n\n**b. Systematic Literature Review/Meta Analysis**\n\nIn progress\n\n**c. Model of Interest: Data-based, Algorithm-based or Hybrid**\n\nWe will use a data-driven model using information about the characteristics of criminals involved in phishing crimes.\n\n**d. Data Collection and Management**\n\nWe have already obtained data containing information about the characteristics of criminals involved in phishing crimes, and after processing the missing data, we will proceed with the aforementioned procedure.\n\n**e. Writing tool (e.g. LaTeX, Markdown/quarto, overleaf, MathJax)**\n\nWe will use programs such as LaTex or Overleaf that show publication-level quality to reveal the characteristics of the phishing offender.\n\n**f. Findings interpreted (e.g. models, data visualization)**\n\nWe will use the visualization method that best represents the results for different groups , including the most risky group mentioned above.\n"},"formats":{"html":{"identifier":{"display-name":"HTML","target-format":"html","base-format":"html"},"execute":{"fig-width":7,"fig-height":5,"fig-format":"retina","fig-dpi":96,"df-print":"default","error":false,"eval":true,"cache":null,"freeze":false,"echo":true,"output":true,"warning":true,"include":true,"keep-md":false,"keep-ipynb":false,"ipynb":null,"enabled":null,"daemon":null,"daemon-restart":false,"debug":false,"ipynb-filters":[],"ipynb-shell-interactivity":null,"plotly-connected":true,"engine":"markdown"},"render":{"keep-tex":false,"keep-typ":false,"keep-source":false,"keep-hidden":false,"prefer-html":false,"output-divs":true,"output-ext":"html","fig-align":"default","fig-pos":null,"fig-env":null,"code-fold":"none","code-overflow":"scroll","code-link":false,"code-line-numbers":false,"code-tools":false,"tbl-colwidths":"auto","merge-includes":true,"inline-includes":false,"preserve-yaml":false,"latex-auto-mk":true,"latex-auto-install":true,"latex-clean":true,"latex-min-runs":1,"latex-max-runs":10,"latex-makeindex":"makeindex","latex-makeindex-opts":[],"latex-tlmgr-opts":[],"latex-input-paths":[],"latex-output-dir":null,"link-external-icon":false,"link-external-newwindow":false,"self-contained-math":false,"format-resources":[],"notebook-links":true},"pandoc":{"standalone":true,"wrap":"none","default-image-extension":"png","to":"html","css":["styles.css","cumstom.css"],"toc":true,"output-file":"datavis_prev_assignment1.html"},"language":{"toc-title-document":"Table of contents","toc-title-website":"On this page","related-formats-title":"Other Formats","related-notebooks-title":"Notebooks","source-notebooks-prefix":"Source","other-links-title":"Other Links","code-links-title":"Code Links","launch-dev-container-title":"Launch Dev Container","launch-binder-title":"Launch Binder","article-notebook-label":"Article Notebook","notebook-preview-download":"Download Notebook","notebook-preview-download-src":"Download Source","notebook-preview-back":"Back to Article","manuscript-meca-bundle":"MECA Bundle","section-title-abstract":"Abstract","section-title-appendices":"Appendices","section-title-footnotes":"Footnotes","section-title-references":"References","section-title-reuse":"Reuse","section-title-copyright":"Copyright","section-title-citation":"Citation","appendix-attribution-cite-as":"For attribution, please cite this work as:","appendix-attribution-bibtex":"BibTeX citation:","appendix-view-license":"View License","title-block-author-single":"Author","title-block-author-plural":"Authors","title-block-affiliation-single":"Affiliation","title-block-affiliation-plural":"Affiliations","title-block-published":"Published","title-block-modified":"Modified","title-block-keywords":"Keywords","callout-tip-title":"Tip","callout-note-title":"Note","callout-warning-title":"Warning","callout-important-title":"Important","callout-caution-title":"Caution","code-summary":"Code","code-tools-menu-caption":"Code","code-tools-show-all-code":"Show All Code","code-tools-hide-all-code":"Hide All Code","code-tools-view-source":"View Source","code-tools-source-code":"Source Code","tools-share":"Share","tools-download":"Download","code-line":"Line","code-lines":"Lines","copy-button-tooltip":"Copy to Clipboard","copy-button-tooltip-success":"Copied!","repo-action-links-edit":"Edit this page","repo-action-links-source":"View source","repo-action-links-issue":"Report an issue","back-to-top":"Back to top","search-no-results-text":"No results","search-matching-documents-text":"matching documents","search-copy-link-title":"Copy link to search","search-hide-matches-text":"Hide additional matches","search-more-match-text":"more match in this document","search-more-matches-text":"more matches in this document","search-clear-button-title":"Clear","search-text-placeholder":"","search-detached-cancel-button-title":"Cancel","search-submit-button-title":"Submit","search-label":"Search","toggle-section":"Toggle section","toggle-sidebar":"Toggle sidebar navigation","toggle-dark-mode":"Toggle dark mode","toggle-reader-mode":"Toggle reader mode","toggle-navigation":"Toggle navigation","crossref-fig-title":"Figure","crossref-tbl-title":"Table","crossref-lst-title":"Listing","crossref-thm-title":"Theorem","crossref-lem-title":"Lemma","crossref-cor-title":"Corollary","crossref-prp-title":"Proposition","crossref-cnj-title":"Conjecture","crossref-def-title":"Definition","crossref-exm-title":"Example","crossref-exr-title":"Exercise","crossref-ch-prefix":"Chapter","crossref-apx-prefix":"Appendix","crossref-sec-prefix":"Section","crossref-eq-prefix":"Equation","crossref-lof-title":"List of Figures","crossref-lot-title":"List of Tables","crossref-lol-title":"List of Listings","environment-proof-title":"Proof","environment-remark-title":"Remark","environment-solution-title":"Solution","listing-page-order-by":"Order By","listing-page-order-by-default":"Default","listing-page-order-by-date-asc":"Oldest","listing-page-order-by-date-desc":"Newest","listing-page-order-by-number-desc":"High to Low","listing-page-order-by-number-asc":"Low to High","listing-page-field-date":"Date","listing-page-field-title":"Title","listing-page-field-description":"Description","listing-page-field-author":"Author","listing-page-field-filename":"File Name","listing-page-field-filemodified":"Modified","listing-page-field-subtitle":"Subtitle","listing-page-field-readingtime":"Reading Time","listing-page-field-wordcount":"Word Count","listing-page-field-categories":"Categories","listing-page-minutes-compact":"{0} min","listing-page-category-all":"All","listing-page-no-matches":"No matching items","listing-page-words":"{0} words","listing-page-filter":"Filter","draft":"Draft"},"metadata":{"lang":"en","fig-responsive":true,"quarto-version":"1.7.32","editor":"visual","theme":"cosmo","title":"Assignment1","sidebar":"datavis"},"extensions":{"book":{"multiFile":true}}}},"projectFormats":["html"]}