{"title":"Assignment 4","markdown":{"yaml":{"title":"Assignment 4","sidebar":"datavis"},"headingText":"Team GeoVIS","containsRefs":false,"markdown":"\n\n```{r}\n# Members : Changho Lee, Americo Gamarra, Brennan Stout, Umme Kulsum - Coordinator\n\n# Team GeoVIS\n# Members : Changho Lee, Americo Gamarra, Brennan Stout, Umme Kulsum - Coordinator\n\nlibrary(tidyverse)\nlibrary(ggplot2)\ndata <- mpg\nfont <- \"serif\"\n\ndata$model<-paste0(toupper(substr(data$model, 1, 1)), substr(data$model, 2, nchar(data$model)))\ndata$manufacturer<-paste0(toupper(substr(data$manufacturer, 1, 1)), substr(data$manufacturer, 2, nchar(data$manufacturer)))\n## 1st Graph\nlibrary(dplyr)\nlibrary(RColorBrewer)\nuniq <- count(unique(data,vars = c(manufacturer, cty)),vars=manufacturer)\nqual_colors <- colorRampPalette(brewer.pal(9, \"PuRd\"))(20)\nnewdata <- data[ which(data$manufacturer=='ford'), ]\ntotal <- sum(uniq$n)\nwidths <- c()\nfor (m in 1:length(uniq$vars)){\nwidths <- append(widths, (uniq$n[m]/total)*100)\n}\nheights = uniq$n\npar( mar= c(4,4,1,1),family=font )\np <- barplot(heights, widths, space=0, \n           col = qual_colors, xlab = \"Percent of cars\", ylab = \"Number of models\")\ntext(x = p, y = heights/2, labels = uniq$vars, cex=ifelse(uniq$vars%in%c(\"Land rover\",\"Lincoln\",\"Mercury\",\"Pontiac\"),0.5,1), srt=90)\naxis(1, seq(0,100,5))\npolygon(c(42,42,72,72), c(25, 30, 30, 25), col=\"snow\")\ntext(57, 28, \"Percent of market\\nby manufacturer\", cex=1)\n\n## 2nd Graph\n# Get the 6 largest manufacturers by count\ntop_makers <- mpg %>%\ncount(manufacturer) %>%\ntop_n(6, n) %>%\npull(manufacturer)\n\n# Filter the data to include only the top 6 manufacturers\nmpg_filtered <- mpg %>%\nfilter(manufacturer %in% top_makers)\n\n# Create the faceted histograms for city mpg\nggplot(mpg_filtered, aes(x = cty)) +\ngeom_histogram(binwidth = 2, fill = \"violetred2\", color = \"white\") +\nfacet_grid(class ~ manufacturer) +  # Facet by class and cylinders\nlabs(x = \"City MPG\", y = \"Count\", title = \"City MPG Distribution by Manufacturer, Class, and Cylinder\", family=font) +\ntheme_minimal() +\ntheme(\n  strip.text = element_text(size = 10,family=font),    # Adjust facet label size\n  panel.spacing = unit(1, \"lines\"),        # Add spacing between facets\n  axis.text.x = element_text(size = 8,family=font),    # Adjust size of x-axis text\n  axis.text.y = element_text(size = 8, family=font),     # Adjust size of y-axis text\n  axis.title.x = element_text(size = 12, family = font),  # Set x-axis label font and size\n  axis.title.y = element_text(size = 12, , family = font),  # Set y-axis label font and size\n  plot.title = element_text(size = 14, family = font, hjust = 0.5),\n  panel.grid = element_blank(),\n  panel.border = element_rect(color = \"gray40\", fill = NA, size = 0.6)\n)\n\n\n\n\n## 3rd Graph \nmh <- aggregate(hwy ~ class, data = data, mean)\nmc <- aggregate(cty ~ class, data = data, mean)\n\npar(mfrow = c(1, 2), mar = c(5,6,2,2), mgp = c(4, 1, 0.8), family = font, cex.main = 1.2, \n  cex.lab = 1, font.main = 1, \n  font.lab = 1, font.axis = 1, cex.axis = 0.7)\n\n# mean highway MPG\nbarplot(mh$hwy, names.arg = mh$class,\n      horiz = TRUE, col = \"violetred2\", border = \"black\",\n      xlab = \"Mean MPG\", ylab = \"Type of Vehicle\",\n      xlim = c(0, 35),\n      main = \"Highway\", las = 1)\nabline(v = 0, lwd = 4, col = \"black\") \n\n# mean city MPG\nbarplot(mc$cty, names.arg = mc$class, \n      horiz = TRUE, col = \"white\", border = \"black\", \n      xlab = \"Mean MPG\", ylab = \"\", \n      xlim = c(0, 35),\n      main = \"City\", las = 1)\nabline(v = 0, lwd = 4, col = \"black\") \n\n## 4th Graph\ndata_sum <- mpg %>%\ngroup_by(class) %>%\nsummarise(mh = mean(hwy), mc = mean(cty))\n\nggplot(data_sum, aes(x = class)) +\ngeom_col(aes(y = mh), fill = \"violetred2\", width = 0.4, \n         position = position_nudge(x = 0.1)) +\ngeom_col(aes(y = mc), fill = 'white', color = \"black\", \n         width = 0.4, position = position_nudge(x = -0.1)) +\nlabs(x = \"Type of Vehicle\", y = \"Mean Miles per Gallon\", title = \"Mean MPG by Class and Vehicle Type\") +\ntheme_minimal() +\ntheme(panel.grid = element_blank(),axis.line = element_line(color = \"black\"), \n      axis.text.x = element_text(angle = 45, hjust = 1, family = font), \n      axis.text.y = element_text(family = font),\n      axis.title.x = element_text(family = font, size = 12), \n      axis.title.y = element_text(family = font, size = 12), \n      plot.title = element_text(family = font, \n                                size = 14, hjust = 0.5))\n```\n","srcMarkdownNoYaml":"\n\n```{r}\n# Team GeoVIS\n# Members : Changho Lee, Americo Gamarra, Brennan Stout, Umme Kulsum - Coordinator\n\n# Team GeoVIS\n# Members : Changho Lee, Americo Gamarra, Brennan Stout, Umme Kulsum - Coordinator\n\nlibrary(tidyverse)\nlibrary(ggplot2)\ndata <- mpg\nfont <- \"serif\"\n\ndata$model<-paste0(toupper(substr(data$model, 1, 1)), substr(data$model, 2, nchar(data$model)))\ndata$manufacturer<-paste0(toupper(substr(data$manufacturer, 1, 1)), substr(data$manufacturer, 2, nchar(data$manufacturer)))\n## 1st Graph\nlibrary(dplyr)\nlibrary(RColorBrewer)\nuniq <- count(unique(data,vars = c(manufacturer, cty)),vars=manufacturer)\nqual_colors <- colorRampPalette(brewer.pal(9, \"PuRd\"))(20)\nnewdata <- data[ which(data$manufacturer=='ford'), ]\ntotal <- sum(uniq$n)\nwidths <- c()\nfor (m in 1:length(uniq$vars)){\nwidths <- append(widths, (uniq$n[m]/total)*100)\n}\nheights = uniq$n\npar( mar= c(4,4,1,1),family=font )\np <- barplot(heights, widths, space=0, \n           col = qual_colors, xlab = \"Percent of cars\", ylab = \"Number of models\")\ntext(x = p, y = heights/2, labels = uniq$vars, cex=ifelse(uniq$vars%in%c(\"Land rover\",\"Lincoln\",\"Mercury\",\"Pontiac\"),0.5,1), srt=90)\naxis(1, seq(0,100,5))\npolygon(c(42,42,72,72), c(25, 30, 30, 25), col=\"snow\")\ntext(57, 28, \"Percent of market\\nby manufacturer\", cex=1)\n\n## 2nd Graph\n# Get the 6 largest manufacturers by count\ntop_makers <- mpg %>%\ncount(manufacturer) %>%\ntop_n(6, n) %>%\npull(manufacturer)\n\n# Filter the data to include only the top 6 manufacturers\nmpg_filtered <- mpg %>%\nfilter(manufacturer %in% top_makers)\n\n# Create the faceted histograms for city mpg\nggplot(mpg_filtered, aes(x = cty)) +\ngeom_histogram(binwidth = 2, fill = \"violetred2\", color = \"white\") +\nfacet_grid(class ~ manufacturer) +  # Facet by class and cylinders\nlabs(x = \"City MPG\", y = \"Count\", title = \"City MPG Distribution by Manufacturer, Class, and Cylinder\", family=font) +\ntheme_minimal() +\ntheme(\n  strip.text = element_text(size = 10,family=font),    # Adjust facet label size\n  panel.spacing = unit(1, \"lines\"),        # Add spacing between facets\n  axis.text.x = element_text(size = 8,family=font),    # Adjust size of x-axis text\n  axis.text.y = element_text(size = 8, family=font),     # Adjust size of y-axis text\n  axis.title.x = element_text(size = 12, family = font),  # Set x-axis label font and size\n  axis.title.y = element_text(size = 12, , family = font),  # Set y-axis label font and size\n  plot.title = element_text(size = 14, family = font, hjust = 0.5),\n  panel.grid = element_blank(),\n  panel.border = element_rect(color = \"gray40\", fill = NA, size = 0.6)\n)\n\n\n\n\n## 3rd Graph \nmh <- aggregate(hwy ~ class, data = data, mean)\nmc <- aggregate(cty ~ class, data = data, mean)\n\npar(mfrow = c(1, 2), mar = c(5,6,2,2), mgp = c(4, 1, 0.8), family = font, cex.main = 1.2, \n  cex.lab = 1, font.main = 1, \n  font.lab = 1, font.axis = 1, cex.axis = 0.7)\n\n# mean highway MPG\nbarplot(mh$hwy, names.arg = mh$class,\n      horiz = TRUE, col = \"violetred2\", border = \"black\",\n      xlab = \"Mean MPG\", ylab = \"Type of Vehicle\",\n      xlim = c(0, 35),\n      main = \"Highway\", las = 1)\nabline(v = 0, lwd = 4, col = \"black\") \n\n# mean city MPG\nbarplot(mc$cty, names.arg = mc$class, \n      horiz = TRUE, col = \"white\", border = \"black\", \n      xlab = \"Mean MPG\", ylab = \"\", \n      xlim = c(0, 35),\n      main = \"City\", las = 1)\nabline(v = 0, lwd = 4, col = \"black\") \n\n## 4th Graph\ndata_sum <- mpg %>%\ngroup_by(class) %>%\nsummarise(mh = mean(hwy), mc = mean(cty))\n\nggplot(data_sum, aes(x = class)) +\ngeom_col(aes(y = mh), fill = \"violetred2\", width = 0.4, \n         position = position_nudge(x = 0.1)) +\ngeom_col(aes(y = mc), fill = 'white', color = \"black\", \n         width = 0.4, position = position_nudge(x = -0.1)) +\nlabs(x = \"Type of Vehicle\", y = \"Mean Miles per Gallon\", title = \"Mean MPG by Class and Vehicle Type\") +\ntheme_minimal() +\ntheme(panel.grid = element_blank(),axis.line = element_line(color = \"black\"), \n      axis.text.x = element_text(angle = 45, hjust = 1, family = font), \n      axis.text.y = element_text(family = font),\n      axis.title.x = element_text(family = font, size = 12), \n      axis.title.y = element_text(family = font, size = 12), \n      plot.title = element_text(family = font, \n                                size = 14, hjust = 0.5))\n```\n"},"formats":{"html":{"identifier":{"display-name":"HTML","target-format":"html","base-format":"html"},"execute":{"fig-width":7,"fig-height":5,"fig-format":"retina","fig-dpi":96,"df-print":"default","error":false,"eval":true,"cache":null,"freeze":false,"echo":true,"output":true,"warning":true,"include":true,"keep-md":false,"keep-ipynb":false,"ipynb":null,"enabled":null,"daemon":null,"daemon-restart":false,"debug":false,"ipynb-filters":[],"ipynb-shell-interactivity":null,"plotly-connected":true,"engine":"knitr"},"render":{"keep-tex":false,"keep-typ":false,"keep-source":false,"keep-hidden":false,"prefer-html":false,"output-divs":true,"output-ext":"html","fig-align":"default","fig-pos":null,"fig-env":null,"code-fold":"none","code-overflow":"scroll","code-link":false,"code-line-numbers":false,"code-tools":false,"tbl-colwidths":"auto","merge-includes":true,"inline-includes":false,"preserve-yaml":false,"latex-auto-mk":true,"latex-auto-install":true,"latex-clean":true,"latex-min-runs":1,"latex-max-runs":10,"latex-makeindex":"makeindex","latex-makeindex-opts":[],"latex-tlmgr-opts":[],"latex-input-paths":[],"latex-output-dir":null,"link-external-icon":false,"link-external-newwindow":false,"self-contained-math":false,"format-resources":[],"notebook-links":true},"pandoc":{"standalone":true,"wrap":"none","default-image-extension":"png","to":"html","css":["styles.css","cumstom.css"],"toc":true,"output-file":"datavis_assignment4.html"},"language":{"toc-title-document":"Table of contents","toc-title-website":"On this page","related-formats-title":"Other Formats","related-notebooks-title":"Notebooks","source-notebooks-prefix":"Source","other-links-title":"Other Links","code-links-title":"Code Links","launch-dev-container-title":"Launch Dev Container","launch-binder-title":"Launch Binder","article-notebook-label":"Article Notebook","notebook-preview-download":"Download Notebook","notebook-preview-download-src":"Download Source","notebook-preview-back":"Back to Article","manuscript-meca-bundle":"MECA Bundle","section-title-abstract":"Abstract","section-title-appendices":"Appendices","section-title-footnotes":"Footnotes","section-title-references":"References","section-title-reuse":"Reuse","section-title-copyright":"Copyright","section-title-citation":"Citation","appendix-attribution-cite-as":"For attribution, please cite this work as:","appendix-attribution-bibtex":"BibTeX citation:","appendix-view-license":"View License","title-block-author-single":"Author","title-block-author-plural":"Authors","title-block-affiliation-single":"Affiliation","title-block-affiliation-plural":"Affiliations","title-block-published":"Published","title-block-modified":"Modified","title-block-keywords":"Keywords","callout-tip-title":"Tip","callout-note-title":"Note","callout-warning-title":"Warning","callout-important-title":"Important","callout-caution-title":"Caution","code-summary":"Code","code-tools-menu-caption":"Code","code-tools-show-all-code":"Show All Code","code-tools-hide-all-code":"Hide All Code","code-tools-view-source":"View Source","code-tools-source-code":"Source Code","tools-share":"Share","tools-download":"Download","code-line":"Line","code-lines":"Lines","copy-button-tooltip":"Copy to Clipboard","copy-button-tooltip-success":"Copied!","repo-action-links-edit":"Edit this page","repo-action-links-source":"View source","repo-action-links-issue":"Report an issue","back-to-top":"Back to top","search-no-results-text":"No results","search-matching-documents-text":"matching documents","search-copy-link-title":"Copy link to search","search-hide-matches-text":"Hide additional matches","search-more-match-text":"more match in this document","search-more-matches-text":"more matches in this document","search-clear-button-title":"Clear","search-text-placeholder":"","search-detached-cancel-button-title":"Cancel","search-submit-button-title":"Submit","search-label":"Search","toggle-section":"Toggle section","toggle-sidebar":"Toggle sidebar navigation","toggle-dark-mode":"Toggle dark mode","toggle-reader-mode":"Toggle reader mode","toggle-navigation":"Toggle navigation","crossref-fig-title":"Figure","crossref-tbl-title":"Table","crossref-lst-title":"Listing","crossref-thm-title":"Theorem","crossref-lem-title":"Lemma","crossref-cor-title":"Corollary","crossref-prp-title":"Proposition","crossref-cnj-title":"Conjecture","crossref-def-title":"Definition","crossref-exm-title":"Example","crossref-exr-title":"Exercise","crossref-ch-prefix":"Chapter","crossref-apx-prefix":"Appendix","crossref-sec-prefix":"Section","crossref-eq-prefix":"Equation","crossref-lof-title":"List of Figures","crossref-lot-title":"List of Tables","crossref-lol-title":"List of Listings","environment-proof-title":"Proof","environment-remark-title":"Remark","environment-solution-title":"Solution","listing-page-order-by":"Order By","listing-page-order-by-default":"Default","listing-page-order-by-date-asc":"Oldest","listing-page-order-by-date-desc":"Newest","listing-page-order-by-number-desc":"High to Low","listing-page-order-by-number-asc":"Low to High","listing-page-field-date":"Date","listing-page-field-title":"Title","listing-page-field-description":"Description","listing-page-field-author":"Author","listing-page-field-filename":"File Name","listing-page-field-filemodified":"Modified","listing-page-field-subtitle":"Subtitle","listing-page-field-readingtime":"Reading Time","listing-page-field-wordcount":"Word Count","listing-page-field-categories":"Categories","listing-page-minutes-compact":"{0} min","listing-page-category-all":"All","listing-page-no-matches":"No matching items","listing-page-words":"{0} words","listing-page-filter":"Filter","draft":"Draft"},"metadata":{"lang":"en","fig-responsive":true,"quarto-version":"1.7.32","editor":"visual","theme":"cosmo","title":"Assignment 4","sidebar":"datavis"},"extensions":{"book":{"multiFile":true}}}},"projectFormats":["html"]}