{
  "hash": "c0ec59ba11b3d5617e9a3a989ba26f3f",
  "result": {
    "engine": "knitr",
    "markdown": "---\ntitle: \"Assignment2\"\nid: datacollect\nformat: html\n---\n\n\n::: {.cell}\n\n```{.r .cell-code}\ngtrend_fromWEb <- read.csv(\"c:/users/cxl200029.CAMPUS/downloads/multiTimeline.csv\")\ntail(gtrend_fromWEb,20)\n```\n\n::: {.cell-output .cell-output-stdout}\n\n```\n         Week Trump...United.States. Kamala.Harris...United.States.\n243 5/11/2025                      1                             <1\n244 5/18/2025                      1                             <1\n245 5/25/2025                      1                             <1\n246  6/1/2025                      2                             <1\n247  6/8/2025                      2                             <1\n248 6/15/2025                      2                             <1\n249 6/22/2025                      2                             <1\n250 6/29/2025                      1                             <1\n251  7/6/2025                      1                             <1\n252 7/13/2025                      2                             <1\n253 7/20/2025                      2                             <1\n254 7/27/2025                      1                             <1\n255  8/3/2025                      1                             <1\n256 8/10/2025                      1                             <1\n257 8/17/2025                      1                             <1\n258 8/24/2025                      1                             <1\n259 8/31/2025                      2                             <1\n260  9/7/2025                      1                             <1\n261 9/14/2025                      1                             <1\n262 9/21/2025                      2                             <1\n    Election...United.States.\n243                        <1\n244                        <1\n245                        <1\n246                        <1\n247                        <1\n248                        <1\n249                        <1\n250                        <1\n251                        <1\n252                        <1\n253                        <1\n254                        <1\n255                        <1\n256                        <1\n257                        <1\n258                        <1\n259                        <1\n260                        <1\n261                        <1\n262                        <1\n```\n\n\n:::\n:::\n\n\n-   **Dates**: from Sep 20, 2020 to Sep 7, 2025\n\n-   **Interval**: a week\n\n\n::: {.cell}\n\n```{.r .cell-code}\ngtrend_fromR <- read.csv(\"c:/users/cxl200029.CAMPUS/downloads/googletrend_R.csv\")\nhead(gtrend_fromR,20)\n```\n\n::: {.cell-output .cell-output-stdout}\n\n```\n         date hits keyword geo      time gprop category\n1  2020-09-20    2   Trump  US today+5-y   web        0\n2  2020-09-27    6   Trump  US today+5-y   web        0\n3  2020-10-04    5   Trump  US today+5-y   web        0\n4  2020-10-11    3   Trump  US today+5-y   web        0\n5  2020-10-18    3   Trump  US today+5-y   web        0\n6  2020-10-25    3   Trump  US today+5-y   web        0\n7  2020-11-01    9   Trump  US today+5-y   web        0\n8  2020-11-08    6   Trump  US today+5-y   web        0\n9  2020-11-15    3   Trump  US today+5-y   web        0\n10 2020-11-22    2   Trump  US today+5-y   web        0\n11 2020-11-29    2   Trump  US today+5-y   web        0\n12 2020-12-06    2   Trump  US today+5-y   web        0\n13 2020-12-13    2   Trump  US today+5-y   web        0\n14 2020-12-20    2   Trump  US today+5-y   web        0\n15 2020-12-27    2   Trump  US today+5-y   web        0\n16 2021-01-03    5   Trump  US today+5-y   web        0\n17 2021-01-10    4   Trump  US today+5-y   web        0\n18 2021-01-17    4   Trump  US today+5-y   web        0\n19 2021-01-24    1   Trump  US today+5-y   web        0\n20 2021-01-31    1   Trump  US today+5-y   web        0\n```\n\n\n:::\n:::\n\n\n**What are differences between the two methods?**\n\nTable schemes are different. For web version, data are organized into wide form which displays keywords at columns. However, for R version, data structure is long form which displays the statistics are recorded in `hits` column and `keyword` column contains information related to the statistics.\n",
    "supporting": [],
    "filters": [
      "rmarkdown/pagebreak.lua"
    ],
    "includes": {},
    "engineDependencies": {},
    "preserve": {},
    "postProcess": true
  }
}