{"title":"Assignment3","markdown":{"yaml":{"title":"Assignment3","sidebar":"datavis"},"headingText":"Random data","containsRefs":false,"markdown":"\n\n1.  **Choose one of the six charts and explain how it is configured by adding documentation to the codes.**\n\n```{r}\nY <- rnorm(50)\n# Make sure no Y exceed [-3.5, 3.5]\nY[Y < -3.5 | Y > 3.5] <- NA # Selection/set range\nx <- seq(-3.5, 3.5, .1)\ndn <- dnorm(x)\npar(mar=c(4.5, 4.1, 3.1, 0))\nhist(Y, breaks=seq(-3.5, 3.5), ylim=c(0, 0.5), col=\"gray80\", freq=FALSE)\nlines(x, dnorm(x), lwd=2)\npar(mar=c(5.1, 4.1, 4.1, 2.1))\n\n```\n\nThis code is to draw histogram with randomly generated values.\n\n\\(1\\) Generate random data based on normal distribution (mu=1, sd = 0)\n\nY \\<- rnorm(50)\n\n\\(2\\) Filter data which make sure values between -3.5 and +3.5\n\nY\\[Y \\< -3.5 \\| Y \\> 3.5\\] \\<- NA \\# Selection/set range\n\n\\(3\\) Generate squential values with 0.1 interval with minimum -3.5 and maximum 3.5\n\nx \\<- seq(-3.5, 3.5, .1)\n\n\\(4\\) \\[irrelevent to histogram\\] Get probability of squential values on normal distribution.\n\ndn \\<- dnorm(x)\n\n\\(5\\) Set margins for plot area in order of c(bottom, left, top, right)\n\npar(mar=c(4.5, 4.1, 3.1, 0))\n\n\\(6\\) Draw histogram of Y\n\n-   Set breaks between -3.5 and 3.5 for x-axis ticks\n\n-   Set the range of Y values (-3.5 \\~ 3.5) to display using ylim\n\n-   Set color for the plot as 80% black for gray\n\n-   Show probability instead of frequency by setting freq as FALSE\n\nhist(Y, breaks=seq(-3.5, 3.5), ylim=c(0, 0.5), col=\"gray80\", freq=FALSE)\n\n\\(7\\) Draw normal distribuiton guideline to see if data Y follows normal distribution.\n\nlines(x, dnorm(x), lwd=2)\n\n\\(8\\) Set plot margin again.\n\npar(mar=c(5.1, 4.1, 4.1, 2.1))\n\n2.1. Compare the regression models\n\n```{r}\n# Create four model objects\ndata(anscombe)  # Load Anscombe's data\nlm1 <- lm(y1 ~ x1, data=anscombe)\nsummary(lm1)\nlm2 <- lm(y2 ~ x2, data=anscombe)\nsummary(lm2)\nlm3 <- lm(y3 ~ x3, data=anscombe)\nsummary(lm3)\nlm4 <- lm(y4 ~ x4, data=anscombe)\nsummary(lm4)\n\n\n```\n\n2.2. Compare different ways to create the plots (e.g. changing colors, line types, plot characters)\n\n```{r}\npar(mfrow=c(2, 2),mar=c(4.5, 4.1, 3.1, 0.3))\nplot(anscombe$x1,anscombe$y1,col=\"blue\")\nabline(coefficients(lm1))\nplot(anscombe$x2,anscombe$y2)\nabline(coefficients(lm2),lty=3)\nplot(anscombe$x3,anscombe$y3)\nabline(coefficients(lm3),col=\"red\")\nplot(anscombe$x4,anscombe$y4,xlab=\"fourth X\",ylab=\"fourth Y\")\nabline(coefficients(lm4))\n\n```\n\nTo make plots to compare them effectively, we can adjust plot elements.\n\n1\\) Change Color for data : It helps identify which data should be focused.\n\n2\\) Change guide line symbol: To highlight the distribution of data, change guideline symbol\n\n3\\) Chang guide line color: To highlight the trend line of data, change guideline color\n\n**3.Can you finetune the charts without using other packages (consult RGraphics by Murrell)?**\n\na.  Use a serif font\nb.  Try non-default colors\nc.  Use own plotting character\n\n```{r}\n\n# Custom boxplot with fine-tuned aesthetics\n\n# Set graphical parameters for font and layout\npar(family = \"serif\", mar=c(5, 5, 5, 0))\n\n# Define custom colors\ncolors_vc <- \"lightblue\"  # Vitamin C - Ascorbic Acid\ncolors_oj <- \"lightgreen\" # Orange Juice\n\n# Create boxplot for 'VC' (Vitamin C Ascorbic Acid group)\nboxplot(len ~ dose, data = ToothGrowth,\n        boxwex = 0.25, at = 1:3 - 0.2,\n        subset= supp == \"VC\", col=colors_vc, # Use custom color\n        xlab=\"\",\n        ylab=\"Tooth Length\", ylim=c(0,35),\n        pch=17) # Custom plotting character (triangle)\n\n# Add x-axis label\nmtext(\"Vitamin C Dose (mg)\", side=1, line=2.5, cex=0.8)\n\n# Overlay boxplot for 'OJ' (Orange Juice group)\nboxplot(len ~ dose, data = ToothGrowth, add = TRUE,\n        boxwex = 0.25, at = 1:3 + 0.2,\n        subset= supp == \"OJ\", col=colors_oj, # Use custom color\n        pch=19) # Custom plotting character (circle)\n\n# Add a legend with the custom colors\nlegend(1.5, 9, c(\"Ascorbic Acid\", \"Orange Juice\"), \n       fill = c(colors_vc, colors_oj), \n       bty=\"n\")\n\n# Reset graphical parameters\npar(mar=c(5.1, 4.1, 4.1, 2.1))\n\n\n```\n\n4.  **How about with ggplot2? (use tidyverse package)**\n\n```{r}\n# Load the necessary package\nlibrary(tidyverse)\n\n# Custom colors for the boxplot\ncustom_colors <- c(\"lightblue\", \"lightgreen\")\n\n# Create the customized boxplot\nggplot(ToothGrowth, aes(x = factor(dose), y = len, fill = supp)) +\n  \n  # Boxplot with custom fill colors and adjusted dodge width\n  geom_boxplot(position = position_dodge(0.8), width = 0.5) +\n  \n  # Add jittered points with custom shape\n  geom_jitter(position = position_dodge(0.8), shape = 17, size = 2, color = \"black\") +\n  \n  # Set axis labels\n  labs(x = \"Vitamin C Dose (mg)\", y = \"Tooth Length\") +\n  \n  # Custom fill colors for the two groups\n  scale_fill_manual(values = custom_colors, labels = c(\"Ascorbic Acid\", \"Orange Juice\")) +\n  \n  # Add a theme with a serif font\n  theme_minimal(base_family = \"serif\") +\n  \n  # Adjust the legend\n  theme(legend.title = element_blank(),\n        legend.position = \"top\")\n\n```\n","srcMarkdownNoYaml":"\n\n1.  **Choose one of the six charts and explain how it is configured by adding documentation to the codes.**\n\n```{r}\n# Random data\nY <- rnorm(50)\n# Make sure no Y exceed [-3.5, 3.5]\nY[Y < -3.5 | Y > 3.5] <- NA # Selection/set range\nx <- seq(-3.5, 3.5, .1)\ndn <- dnorm(x)\npar(mar=c(4.5, 4.1, 3.1, 0))\nhist(Y, breaks=seq(-3.5, 3.5), ylim=c(0, 0.5), col=\"gray80\", freq=FALSE)\nlines(x, dnorm(x), lwd=2)\npar(mar=c(5.1, 4.1, 4.1, 2.1))\n\n```\n\nThis code is to draw histogram with randomly generated values.\n\n\\(1\\) Generate random data based on normal distribution (mu=1, sd = 0)\n\nY \\<- rnorm(50)\n\n\\(2\\) Filter data which make sure values between -3.5 and +3.5\n\nY\\[Y \\< -3.5 \\| Y \\> 3.5\\] \\<- NA \\# Selection/set range\n\n\\(3\\) Generate squential values with 0.1 interval with minimum -3.5 and maximum 3.5\n\nx \\<- seq(-3.5, 3.5, .1)\n\n\\(4\\) \\[irrelevent to histogram\\] Get probability of squential values on normal distribution.\n\ndn \\<- dnorm(x)\n\n\\(5\\) Set margins for plot area in order of c(bottom, left, top, right)\n\npar(mar=c(4.5, 4.1, 3.1, 0))\n\n\\(6\\) Draw histogram of Y\n\n-   Set breaks between -3.5 and 3.5 for x-axis ticks\n\n-   Set the range of Y values (-3.5 \\~ 3.5) to display using ylim\n\n-   Set color for the plot as 80% black for gray\n\n-   Show probability instead of frequency by setting freq as FALSE\n\nhist(Y, breaks=seq(-3.5, 3.5), ylim=c(0, 0.5), col=\"gray80\", freq=FALSE)\n\n\\(7\\) Draw normal distribuiton guideline to see if data Y follows normal distribution.\n\nlines(x, dnorm(x), lwd=2)\n\n\\(8\\) Set plot margin again.\n\npar(mar=c(5.1, 4.1, 4.1, 2.1))\n\n2.1. Compare the regression models\n\n```{r}\n# Create four model objects\ndata(anscombe)  # Load Anscombe's data\nlm1 <- lm(y1 ~ x1, data=anscombe)\nsummary(lm1)\nlm2 <- lm(y2 ~ x2, data=anscombe)\nsummary(lm2)\nlm3 <- lm(y3 ~ x3, data=anscombe)\nsummary(lm3)\nlm4 <- lm(y4 ~ x4, data=anscombe)\nsummary(lm4)\n\n\n```\n\n2.2. Compare different ways to create the plots (e.g. changing colors, line types, plot characters)\n\n```{r}\npar(mfrow=c(2, 2),mar=c(4.5, 4.1, 3.1, 0.3))\nplot(anscombe$x1,anscombe$y1,col=\"blue\")\nabline(coefficients(lm1))\nplot(anscombe$x2,anscombe$y2)\nabline(coefficients(lm2),lty=3)\nplot(anscombe$x3,anscombe$y3)\nabline(coefficients(lm3),col=\"red\")\nplot(anscombe$x4,anscombe$y4,xlab=\"fourth X\",ylab=\"fourth Y\")\nabline(coefficients(lm4))\n\n```\n\nTo make plots to compare them effectively, we can adjust plot elements.\n\n1\\) Change Color for data : It helps identify which data should be focused.\n\n2\\) Change guide line symbol: To highlight the distribution of data, change guideline symbol\n\n3\\) Chang guide line color: To highlight the trend line of data, change guideline color\n\n**3.Can you finetune the charts without using other packages (consult RGraphics by Murrell)?**\n\na.  Use a serif font\nb.  Try non-default colors\nc.  Use own plotting character\n\n```{r}\n\n# Custom boxplot with fine-tuned aesthetics\n\n# Set graphical parameters for font and layout\npar(family = \"serif\", mar=c(5, 5, 5, 0))\n\n# Define custom colors\ncolors_vc <- \"lightblue\"  # Vitamin C - Ascorbic Acid\ncolors_oj <- \"lightgreen\" # Orange Juice\n\n# Create boxplot for 'VC' (Vitamin C Ascorbic Acid group)\nboxplot(len ~ dose, data = ToothGrowth,\n        boxwex = 0.25, at = 1:3 - 0.2,\n        subset= supp == \"VC\", col=colors_vc, # Use custom color\n        xlab=\"\",\n        ylab=\"Tooth Length\", ylim=c(0,35),\n        pch=17) # Custom plotting character (triangle)\n\n# Add x-axis label\nmtext(\"Vitamin C Dose (mg)\", side=1, line=2.5, cex=0.8)\n\n# Overlay boxplot for 'OJ' (Orange Juice group)\nboxplot(len ~ dose, data = ToothGrowth, add = TRUE,\n        boxwex = 0.25, at = 1:3 + 0.2,\n        subset= supp == \"OJ\", col=colors_oj, # Use custom color\n        pch=19) # Custom plotting character (circle)\n\n# Add a legend with the custom colors\nlegend(1.5, 9, c(\"Ascorbic Acid\", \"Orange Juice\"), \n       fill = c(colors_vc, colors_oj), \n       bty=\"n\")\n\n# Reset graphical parameters\npar(mar=c(5.1, 4.1, 4.1, 2.1))\n\n\n```\n\n4.  **How about with ggplot2? (use tidyverse package)**\n\n```{r}\n# Load the necessary package\nlibrary(tidyverse)\n\n# Custom colors for the boxplot\ncustom_colors <- c(\"lightblue\", \"lightgreen\")\n\n# Create the customized boxplot\nggplot(ToothGrowth, aes(x = factor(dose), y = len, fill = supp)) +\n  \n  # Boxplot with custom fill colors and adjusted dodge width\n  geom_boxplot(position = position_dodge(0.8), width = 0.5) +\n  \n  # Add jittered points with custom shape\n  geom_jitter(position = position_dodge(0.8), shape = 17, size = 2, color = \"black\") +\n  \n  # Set axis labels\n  labs(x = \"Vitamin C Dose (mg)\", y = \"Tooth Length\") +\n  \n  # Custom fill colors for the two groups\n  scale_fill_manual(values = custom_colors, labels = c(\"Ascorbic Acid\", \"Orange Juice\")) +\n  \n  # Add a theme with a serif font\n  theme_minimal(base_family = \"serif\") +\n  \n  # Adjust the legend\n  theme(legend.title = element_blank(),\n        legend.position = \"top\")\n\n```\n"},"formats":{"html":{"identifier":{"display-name":"HTML","target-format":"html","base-format":"html"},"execute":{"fig-width":7,"fig-height":5,"fig-format":"retina","fig-dpi":96,"df-print":"default","error":false,"eval":true,"cache":null,"freeze":false,"echo":true,"output":true,"warning":true,"include":true,"keep-md":false,"keep-ipynb":false,"ipynb":null,"enabled":null,"daemon":null,"daemon-restart":false,"debug":false,"ipynb-filters":[],"ipynb-shell-interactivity":null,"plotly-connected":true,"engine":"knitr"},"render":{"keep-tex":false,"keep-typ":false,"keep-source":false,"keep-hidden":false,"prefer-html":false,"output-divs":true,"output-ext":"html","fig-align":"default","fig-pos":null,"fig-env":null,"code-fold":"none","code-overflow":"scroll","code-link":false,"code-line-numbers":false,"code-tools":false,"tbl-colwidths":"auto","merge-includes":true,"inline-includes":false,"preserve-yaml":false,"latex-auto-mk":true,"latex-auto-install":true,"latex-clean":true,"latex-min-runs":1,"latex-max-runs":10,"latex-makeindex":"makeindex","latex-makeindex-opts":[],"latex-tlmgr-opts":[],"latex-input-paths":[],"latex-output-dir":null,"link-external-icon":false,"link-external-newwindow":false,"self-contained-math":false,"format-resources":[],"notebook-links":true},"pandoc":{"standalone":true,"wrap":"none","default-image-extension":"png","to":"html","css":["styles.css","cumstom.css"],"toc":true,"output-file":"datavis_assignment3.html"},"language":{"toc-title-document":"Table of contents","toc-title-website":"On this page","related-formats-title":"Other Formats","related-notebooks-title":"Notebooks","source-notebooks-prefix":"Source","other-links-title":"Other Links","code-links-title":"Code Links","launch-dev-container-title":"Launch Dev Container","launch-binder-title":"Launch Binder","article-notebook-label":"Article Notebook","notebook-preview-download":"Download Notebook","notebook-preview-download-src":"Download Source","notebook-preview-back":"Back to Article","manuscript-meca-bundle":"MECA Bundle","section-title-abstract":"Abstract","section-title-appendices":"Appendices","section-title-footnotes":"Footnotes","section-title-references":"References","section-title-reuse":"Reuse","section-title-copyright":"Copyright","section-title-citation":"Citation","appendix-attribution-cite-as":"For attribution, please cite this work as:","appendix-attribution-bibtex":"BibTeX citation:","appendix-view-license":"View License","title-block-author-single":"Author","title-block-author-plural":"Authors","title-block-affiliation-single":"Affiliation","title-block-affiliation-plural":"Affiliations","title-block-published":"Published","title-block-modified":"Modified","title-block-keywords":"Keywords","callout-tip-title":"Tip","callout-note-title":"Note","callout-warning-title":"Warning","callout-important-title":"Important","callout-caution-title":"Caution","code-summary":"Code","code-tools-menu-caption":"Code","code-tools-show-all-code":"Show All Code","code-tools-hide-all-code":"Hide All Code","code-tools-view-source":"View Source","code-tools-source-code":"Source Code","tools-share":"Share","tools-download":"Download","code-line":"Line","code-lines":"Lines","copy-button-tooltip":"Copy to Clipboard","copy-button-tooltip-success":"Copied!","repo-action-links-edit":"Edit this page","repo-action-links-source":"View source","repo-action-links-issue":"Report an issue","back-to-top":"Back to top","search-no-results-text":"No results","search-matching-documents-text":"matching documents","search-copy-link-title":"Copy link to search","search-hide-matches-text":"Hide additional matches","search-more-match-text":"more match in this document","search-more-matches-text":"more matches in this document","search-clear-button-title":"Clear","search-text-placeholder":"","search-detached-cancel-button-title":"Cancel","search-submit-button-title":"Submit","search-label":"Search","toggle-section":"Toggle section","toggle-sidebar":"Toggle sidebar navigation","toggle-dark-mode":"Toggle dark mode","toggle-reader-mode":"Toggle reader mode","toggle-navigation":"Toggle navigation","crossref-fig-title":"Figure","crossref-tbl-title":"Table","crossref-lst-title":"Listing","crossref-thm-title":"Theorem","crossref-lem-title":"Lemma","crossref-cor-title":"Corollary","crossref-prp-title":"Proposition","crossref-cnj-title":"Conjecture","crossref-def-title":"Definition","crossref-exm-title":"Example","crossref-exr-title":"Exercise","crossref-ch-prefix":"Chapter","crossref-apx-prefix":"Appendix","crossref-sec-prefix":"Section","crossref-eq-prefix":"Equation","crossref-lof-title":"List of Figures","crossref-lot-title":"List of Tables","crossref-lol-title":"List of Listings","environment-proof-title":"Proof","environment-remark-title":"Remark","environment-solution-title":"Solution","listing-page-order-by":"Order By","listing-page-order-by-default":"Default","listing-page-order-by-date-asc":"Oldest","listing-page-order-by-date-desc":"Newest","listing-page-order-by-number-desc":"High to Low","listing-page-order-by-number-asc":"Low to High","listing-page-field-date":"Date","listing-page-field-title":"Title","listing-page-field-description":"Description","listing-page-field-author":"Author","listing-page-field-filename":"File Name","listing-page-field-filemodified":"Modified","listing-page-field-subtitle":"Subtitle","listing-page-field-readingtime":"Reading Time","listing-page-field-wordcount":"Word Count","listing-page-field-categories":"Categories","listing-page-minutes-compact":"{0} min","listing-page-category-all":"All","listing-page-no-matches":"No matching items","listing-page-words":"{0} words","listing-page-filter":"Filter","draft":"Draft"},"metadata":{"lang":"en","fig-responsive":true,"quarto-version":"1.7.32","editor":"visual","theme":"cosmo","title":"Assignment3","sidebar":"datavis"},"extensions":{"book":{"multiFile":true}}}},"projectFormats":["html"]}