{"title":"Assignment5","markdown":{"yaml":{"title":"Assignment5","sidebar":"datavis"},"headingText":"a. Histogram.","containsRefs":false,"markdown":"\n\n1.  Using sample datasets or own data, create the following charts using only R graphics functions (i.e. without using any other packages). Be sure you customize the chart with your own style/theme (e.g. font, color, pch, etc.)\n\n<!-- -->\n\na.  Histogram\n\n```{r}\nlibrary(ggplot2)\n\ndata<-mpg\n\nhist(mpg$hwy, \n     main=\"Histogram of Highway MPG\", \n     col=\"lightblue\", \n     border=\"darkblue\", \n     xlab=\"Highway MPG\", \n     ylab=\"Frequency\", \n     font.main=2, font.lab=4)\n\n```\n\nb.  Barchart\nc.  Vertical\n\n```{r}\nbarplot(table(mpg$class), \n        main=\"Bar Chart of Car Classes\", \n        col=\"coral\", \n        xlab=\"Car Class\", \n        ylab=\"Frequency\", \n        font.main=2)\n\n```\n\nii. Horizontal\n\n```{r}\nbarplot(table(mpg$class), \n        main=\"Horizontal Bar Chart of Car Classes\", \n        col=\"lightgreen\", \n        horiz=TRUE, \n        xlab=\"Frequency\", \n        ylab=\"Car Class\", \n        font.main=2)\n\n```\n\nc.  Piechart\n\n```{r}\npie(table(mpg$class), \n    main=\"Pie Chart of Car Classes\", \n    col=rainbow(length(unique(mpg$class))), \n    font.main=2)\n\n```\n\nd.  Boxplot\n\n```{r}\nboxplot(hwy ~ class, data=mpg, \n        main=\"Boxplot of Highway MPG by Car Class\", \n        col=c(\"skyblue\", \"pink\", \"lightgreen\"), \n        xlab=\"Car Class\", \n        ylab=\"Highway MPG\", \n        border=\"darkred\", \n        font.main=2)\n\n```\n\ne.  Scatterplot\n\n```{r}\nplot(mpg$displ, mpg$hwy, \n     main=\"Scatterplot of Displacement vs Highway MPG\", \n     xlab=\"Displacement (liters)\", \n     ylab=\"Highway MPG\", \n     col=\"blue\", \n     pch=16, \n     font.main=2, font.lab=4)\n\n```\n\n2.  Repeat 1 using ggplot2, with your own style\n\n<!-- -->\n\na.  Histogram\n\n```{r}\nggplot(mpg, aes(x=hwy)) +\n  geom_histogram(binwidth=1, fill=\"lightblue\", color=\"darkblue\") +\n  ggtitle(\"Histogram of Highway MPG\") +\n  theme_minimal() +\n  theme(plot.title = element_text(face=\"bold\"))\n\n```\n\nb.  Bar Chart\nc.  Vertical\n\n```{r}\nggplot(mpg, aes(x=class)) +\n  geom_bar(fill=\"coral\") +\n  ggtitle(\"Bar Chart of Car Classes\") +\n  theme_minimal() +\n  theme(plot.title = element_text(face=\"bold\"))\n\n```\n\nii. Horizontal\n\n```{r}\nggplot(mpg, aes(x=class)) +\n  geom_bar(fill=\"lightgreen\") +\n  coord_flip() +\n  ggtitle(\"Horizontal Bar Chart of Car Classes\") +\n  theme_minimal() +\n  theme(plot.title = element_text(face=\"bold\"))\n\n```\n\nc.  Pie Chart\n\n```{r}\nggplot(mpg, aes(x=\"\", fill=class)) +\n  geom_bar(width=1) +\n  coord_polar(theta=\"y\") +\n  ggtitle(\"Pie Chart of Car Classes\") +\n  theme_void() +\n  theme(plot.title = element_text(face=\"bold\"))\n\n```\n\nd.  Boxplot\n\n```{r}\nggplot(mpg, aes(x=class, y=hwy, fill=class)) +\n  geom_boxplot(color=\"darkred\") +\n  ggtitle(\"Boxplot of Highway MPG by Car Class\") +\n  theme_minimal() +\n  theme(plot.title = element_text(face=\"bold\")) +\n  scale_fill_manual(values=c(\"skyblue\", \"pink\", \"lightgreen\", \"yellow\", \"purple\", \"orange\", \"red\"))\n\n```\n\ne.  Scatterplot\n\n```{r}\nggplot(mpg, aes(x=displ, y=hwy)) +\n  geom_point(color=\"blue\", size=3) +\n  ggtitle(\"Scatterplot of Displacement vs Highway MPG\") +\n  theme_minimal() +\n  theme(plot.title = element_text(face=\"bold\"))\n\n```\n\n3.  Export the charts using different formats such as:\n\n```{r}\n# a. pdf\n#ggsave(\"scatterplot.pdf\", width=5, height=4)\n\n# b. jpg\n#ggsave(\"scatterplot.jpg\", width=5, height=4)\n\n# c. svg\n#ggsave(\"scatterplot.svg\", width=5, height=4)\n\n# d. tiff\n#ggsave(\"scatterplot.tiff\", width=5, height=4)\n\n# e. bmp\n#ggsave(\"scatterplot.bmp\", width=5, height=4)\n\n```\n","srcMarkdownNoYaml":"\n\n1.  Using sample datasets or own data, create the following charts using only R graphics functions (i.e. without using any other packages). Be sure you customize the chart with your own style/theme (e.g. font, color, pch, etc.)\n\n<!-- -->\n\na.  Histogram\n\n```{r}\nlibrary(ggplot2)\n\ndata<-mpg\n\n## a. Histogram.\nhist(mpg$hwy, \n     main=\"Histogram of Highway MPG\", \n     col=\"lightblue\", \n     border=\"darkblue\", \n     xlab=\"Highway MPG\", \n     ylab=\"Frequency\", \n     font.main=2, font.lab=4)\n\n```\n\nb.  Barchart\nc.  Vertical\n\n```{r}\nbarplot(table(mpg$class), \n        main=\"Bar Chart of Car Classes\", \n        col=\"coral\", \n        xlab=\"Car Class\", \n        ylab=\"Frequency\", \n        font.main=2)\n\n```\n\nii. Horizontal\n\n```{r}\nbarplot(table(mpg$class), \n        main=\"Horizontal Bar Chart of Car Classes\", \n        col=\"lightgreen\", \n        horiz=TRUE, \n        xlab=\"Frequency\", \n        ylab=\"Car Class\", \n        font.main=2)\n\n```\n\nc.  Piechart\n\n```{r}\npie(table(mpg$class), \n    main=\"Pie Chart of Car Classes\", \n    col=rainbow(length(unique(mpg$class))), \n    font.main=2)\n\n```\n\nd.  Boxplot\n\n```{r}\nboxplot(hwy ~ class, data=mpg, \n        main=\"Boxplot of Highway MPG by Car Class\", \n        col=c(\"skyblue\", \"pink\", \"lightgreen\"), \n        xlab=\"Car Class\", \n        ylab=\"Highway MPG\", \n        border=\"darkred\", \n        font.main=2)\n\n```\n\ne.  Scatterplot\n\n```{r}\nplot(mpg$displ, mpg$hwy, \n     main=\"Scatterplot of Displacement vs Highway MPG\", \n     xlab=\"Displacement (liters)\", \n     ylab=\"Highway MPG\", \n     col=\"blue\", \n     pch=16, \n     font.main=2, font.lab=4)\n\n```\n\n2.  Repeat 1 using ggplot2, with your own style\n\n<!-- -->\n\na.  Histogram\n\n```{r}\nggplot(mpg, aes(x=hwy)) +\n  geom_histogram(binwidth=1, fill=\"lightblue\", color=\"darkblue\") +\n  ggtitle(\"Histogram of Highway MPG\") +\n  theme_minimal() +\n  theme(plot.title = element_text(face=\"bold\"))\n\n```\n\nb.  Bar Chart\nc.  Vertical\n\n```{r}\nggplot(mpg, aes(x=class)) +\n  geom_bar(fill=\"coral\") +\n  ggtitle(\"Bar Chart of Car Classes\") +\n  theme_minimal() +\n  theme(plot.title = element_text(face=\"bold\"))\n\n```\n\nii. Horizontal\n\n```{r}\nggplot(mpg, aes(x=class)) +\n  geom_bar(fill=\"lightgreen\") +\n  coord_flip() +\n  ggtitle(\"Horizontal Bar Chart of Car Classes\") +\n  theme_minimal() +\n  theme(plot.title = element_text(face=\"bold\"))\n\n```\n\nc.  Pie Chart\n\n```{r}\nggplot(mpg, aes(x=\"\", fill=class)) +\n  geom_bar(width=1) +\n  coord_polar(theta=\"y\") +\n  ggtitle(\"Pie Chart of Car Classes\") +\n  theme_void() +\n  theme(plot.title = element_text(face=\"bold\"))\n\n```\n\nd.  Boxplot\n\n```{r}\nggplot(mpg, aes(x=class, y=hwy, fill=class)) +\n  geom_boxplot(color=\"darkred\") +\n  ggtitle(\"Boxplot of Highway MPG by Car Class\") +\n  theme_minimal() +\n  theme(plot.title = element_text(face=\"bold\")) +\n  scale_fill_manual(values=c(\"skyblue\", \"pink\", \"lightgreen\", \"yellow\", \"purple\", \"orange\", \"red\"))\n\n```\n\ne.  Scatterplot\n\n```{r}\nggplot(mpg, aes(x=displ, y=hwy)) +\n  geom_point(color=\"blue\", size=3) +\n  ggtitle(\"Scatterplot of Displacement vs Highway MPG\") +\n  theme_minimal() +\n  theme(plot.title = element_text(face=\"bold\"))\n\n```\n\n3.  Export the charts using different formats such as:\n\n```{r}\n# a. pdf\n#ggsave(\"scatterplot.pdf\", width=5, height=4)\n\n# b. jpg\n#ggsave(\"scatterplot.jpg\", width=5, height=4)\n\n# c. svg\n#ggsave(\"scatterplot.svg\", width=5, height=4)\n\n# d. tiff\n#ggsave(\"scatterplot.tiff\", width=5, height=4)\n\n# e. bmp\n#ggsave(\"scatterplot.bmp\", width=5, height=4)\n\n```\n"},"formats":{"html":{"identifier":{"display-name":"HTML","target-format":"html","base-format":"html"},"execute":{"fig-width":7,"fig-height":5,"fig-format":"retina","fig-dpi":96,"df-print":"default","error":false,"eval":true,"cache":null,"freeze":false,"echo":true,"output":true,"warning":true,"include":true,"keep-md":false,"keep-ipynb":false,"ipynb":null,"enabled":null,"daemon":null,"daemon-restart":false,"debug":false,"ipynb-filters":[],"ipynb-shell-interactivity":null,"plotly-connected":true,"engine":"knitr"},"render":{"keep-tex":false,"keep-typ":false,"keep-source":false,"keep-hidden":false,"prefer-html":false,"output-divs":true,"output-ext":"html","fig-align":"default","fig-pos":null,"fig-env":null,"code-fold":"none","code-overflow":"scroll","code-link":false,"code-line-numbers":false,"code-tools":false,"tbl-colwidths":"auto","merge-includes":true,"inline-includes":false,"preserve-yaml":false,"latex-auto-mk":true,"latex-auto-install":true,"latex-clean":true,"latex-min-runs":1,"latex-max-runs":10,"latex-makeindex":"makeindex","latex-makeindex-opts":[],"latex-tlmgr-opts":[],"latex-input-paths":[],"latex-output-dir":null,"link-external-icon":false,"link-external-newwindow":false,"self-contained-math":false,"format-resources":[],"notebook-links":true},"pandoc":{"standalone":true,"wrap":"none","default-image-extension":"png","to":"html","css":["styles.css","cumstom.css"],"toc":true,"output-file":"datavis_assignment5.html"},"language":{"toc-title-document":"Table of contents","toc-title-website":"On this page","related-formats-title":"Other Formats","related-notebooks-title":"Notebooks","source-notebooks-prefix":"Source","other-links-title":"Other Links","code-links-title":"Code Links","launch-dev-container-title":"Launch Dev Container","launch-binder-title":"Launch Binder","article-notebook-label":"Article Notebook","notebook-preview-download":"Download Notebook","notebook-preview-download-src":"Download Source","notebook-preview-back":"Back to Article","manuscript-meca-bundle":"MECA Bundle","section-title-abstract":"Abstract","section-title-appendices":"Appendices","section-title-footnotes":"Footnotes","section-title-references":"References","section-title-reuse":"Reuse","section-title-copyright":"Copyright","section-title-citation":"Citation","appendix-attribution-cite-as":"For attribution, please cite this work as:","appendix-attribution-bibtex":"BibTeX citation:","appendix-view-license":"View License","title-block-author-single":"Author","title-block-author-plural":"Authors","title-block-affiliation-single":"Affiliation","title-block-affiliation-plural":"Affiliations","title-block-published":"Published","title-block-modified":"Modified","title-block-keywords":"Keywords","callout-tip-title":"Tip","callout-note-title":"Note","callout-warning-title":"Warning","callout-important-title":"Important","callout-caution-title":"Caution","code-summary":"Code","code-tools-menu-caption":"Code","code-tools-show-all-code":"Show All Code","code-tools-hide-all-code":"Hide All Code","code-tools-view-source":"View Source","code-tools-source-code":"Source Code","tools-share":"Share","tools-download":"Download","code-line":"Line","code-lines":"Lines","copy-button-tooltip":"Copy to Clipboard","copy-button-tooltip-success":"Copied!","repo-action-links-edit":"Edit this page","repo-action-links-source":"View source","repo-action-links-issue":"Report an issue","back-to-top":"Back to top","search-no-results-text":"No results","search-matching-documents-text":"matching documents","search-copy-link-title":"Copy link to search","search-hide-matches-text":"Hide additional matches","search-more-match-text":"more match in this document","search-more-matches-text":"more matches in this document","search-clear-button-title":"Clear","search-text-placeholder":"","search-detached-cancel-button-title":"Cancel","search-submit-button-title":"Submit","search-label":"Search","toggle-section":"Toggle section","toggle-sidebar":"Toggle sidebar navigation","toggle-dark-mode":"Toggle dark mode","toggle-reader-mode":"Toggle reader mode","toggle-navigation":"Toggle navigation","crossref-fig-title":"Figure","crossref-tbl-title":"Table","crossref-lst-title":"Listing","crossref-thm-title":"Theorem","crossref-lem-title":"Lemma","crossref-cor-title":"Corollary","crossref-prp-title":"Proposition","crossref-cnj-title":"Conjecture","crossref-def-title":"Definition","crossref-exm-title":"Example","crossref-exr-title":"Exercise","crossref-ch-prefix":"Chapter","crossref-apx-prefix":"Appendix","crossref-sec-prefix":"Section","crossref-eq-prefix":"Equation","crossref-lof-title":"List of Figures","crossref-lot-title":"List of Tables","crossref-lol-title":"List of Listings","environment-proof-title":"Proof","environment-remark-title":"Remark","environment-solution-title":"Solution","listing-page-order-by":"Order By","listing-page-order-by-default":"Default","listing-page-order-by-date-asc":"Oldest","listing-page-order-by-date-desc":"Newest","listing-page-order-by-number-desc":"High to Low","listing-page-order-by-number-asc":"Low to High","listing-page-field-date":"Date","listing-page-field-title":"Title","listing-page-field-description":"Description","listing-page-field-author":"Author","listing-page-field-filename":"File Name","listing-page-field-filemodified":"Modified","listing-page-field-subtitle":"Subtitle","listing-page-field-readingtime":"Reading Time","listing-page-field-wordcount":"Word Count","listing-page-field-categories":"Categories","listing-page-minutes-compact":"{0} min","listing-page-category-all":"All","listing-page-no-matches":"No matching items","listing-page-words":"{0} words","listing-page-filter":"Filter","draft":"Draft"},"metadata":{"lang":"en","fig-responsive":true,"quarto-version":"1.7.32","editor":"visual","theme":"cosmo","title":"Assignment5","sidebar":"datavis"},"extensions":{"book":{"multiFile":true}}}},"projectFormats":["html"]}